Metric,Mean,Std
Throughput,16930.0,7578.884809092625
Latency,55940.0,25069.930477394908
Fairness,0.06666666666666661,1.3947701538996772e-17
